"Year,""Header"",""Source"",""URL"""
"2018,""ИРЧП субъектов Российской Федерации — Википедия"",""ru.wikipedia.org›wiki/ИРЧП_субъектов_Российской…"",""https://ru.wikipedia.org/wiki/%D0%98%D0%A0%D0%A7%D0%9F_%D1%81%D1%83%D0%B1%D1%8A%D0%B5%D0%BA%D1%82%D0%BE%D0%B2_%D0%A0%D0%BE%D1%81%D1%81%D0%B8%D0%B9%D1%81%D0%BA%D0%BE%D0%B9_%D0%A4%D0%B5%D0%B4%D0%B5%D1%80%D0%B0%D1%86%D0%B8%D0%B8"""
"2018,""НВ Коломейцев: Как социальный блок Правительства РФ"",""kprf.ru›Депутатская вертикаль партии›…/activities/155645.html"",""https://kprf.ru/dep/gosduma/activities/155645.html"""
"2018,""Индекс человеческого развития"",""earchive.tpu.ru›bitstream/11683/31531…tpu-2016…V2…"",""http://earchive.tpu.ru/bitstream/11683/31531/1/conference_tpu-2016-C24_V2_p553-557.pdf"""
"2018,""Рейтинг стран по индексу ИРЧП - Белгородская Искра"",""iskra31.livejournal.com›33812.html"",""http://iskra31.livejournal.com/33812.html"""
"2018,""Индекс развития человеческого - ИА REGNUM"",""regnum.ru›news/ polit/181582.html"",""https://regnum.ru/news/%20polit/181582.html"""
"2018,""ПРОСУЩЕСТВУЕТ ЛИ РОССИЯ ДО 2018 ГОДА? - Кругозор"",""krugozormagazine.com›show/Rizhkov.954.html"",""http://www.krugozormagazine.com/show/Rizhkov.954.html"""
"2018,""Стратегия Чемпионата мира по"",""fifa.com›…document/tournament…fwc2018…russian.pdf"",""http://www.fifa.com/mm/document/tournament/competition/02/66/69/50/fwc2018_sustainabilitystrategy_ru_russian.pdf"""
"2018,""Ульяновская область : Губернатор и Правительство"",""ulgov.ru›page/index/permlink/id/11015/"",""http://ulgov.ru/page/index/permlink/id/11015/"""
"2018,""Программа развития ООН: Индекс человеческого"",""gtmarket.ru›Новости›Программа развития оон"",""http://gtmarket.ru/news/2015/12/16/7285"""
"2018,""Россия и Сибирь в процессе глобального развития"",""pandia.ru›text/77/348/71826.php"",""http://pandia.ru/text/77/348/71826.php"""
"2018,""Список стран по ВВП (номинал) на душу населения"",""ru.wikipedia.org›Список стран по ВВП (номинал) на душу населения"",""https://ru.wikipedia.org/wiki/%D0%A1%D0%BF%D0%B8%D1%81%D0%BE%D0%BA_%D1%81%D1%82%D1%80%D0%B0%D0%BD_%D0%BF%D0%BE_%D0%92%D0%92%D0%9F_(%D0%BD%D0%BE%D0%BC%D0%B8%D0%BD%D0%B0%D0%BB)_%D0%BD%D0%B0_%D0%B4%D1%83%D1%88%D1%83_%D0%BD%D0%B0%D1%81%D0%B5%D0%BB%D0%B5%D0%BD%D0%B8%D1%8F"""
"2018,""При этом по размерам ВВП на душу населения Россия"",""newrezume.org›news/2017-03-05-19784"",""http://newrezume.org/news/2017-03-05-19784"""
"2018,""Сценарий развития России до конца 2018 года"",""solvaigsamara.livejournal.com›1488195.html"",""http://solvaigsamara.livejournal.com/1488195.html"""
"2018,""ВВП на душу населения (в текущих ценах, в долларах)"",""total-rating.ru›…vvp-na-dushu-naseleniya-v…cenah…"",""http://total-rating.ru/204-vvp-na-dushu-naseleniya-v-tekuschih-cenah-v-dollarah-ssha-rossii.html"""
"2018,""ВВП по ППС на душу населения - Россия"",""data.trendeconomy.ru›Россия"",""http://data.trendeconomy.ru/imf/weo/Gross_domestic_product_based_on_purchasing_power_parity_PPPPC/Russia"""
"2018,""Габон обошел Россию по ВВП на душу населения"",""by24.org›2016/03/21/gabon_defeated_russia_in_the…"",""http://by24.org/2016/03/21/gabon_defeated_russia_in_the_economy/"""
"2018,""Вся суть экономики России в одном графике Очень скоро"",""finnews.ru›cur_an.php?idnws=24555"",""http://www.finnews.ru/cur_an.php?idnws=24555"""
"2018,""Рейтинг мировых экономик до 2030 года Россия худшая"",""newsbabr.com›Москва›?IDE=134729"",""http://newsbabr.com/msk/?IDE=134729"""
"2018,""Три американских штата обогнали Россию по величине"",""rusjev.net›2016/01/17…obognali…velichine-vvp…godu/"",""http://rusjev.net/2016/01/17/tri-amerikanskih-shtata-obognali-rossiyu-po-velichine-vvp-v-2015-godu/"""
"2018,""За последнее двадцатилетие Россия прошла путь"",""profile.ru›Экономика›Журнал профиль"",""http://www.profile.ru/economics/item/112096-chudesa-v-rossii-zakonchilis"""
"2018,""Прогноз социально-экономического развития"",""economy.gov.ru›Деятельность›2016241101"",""http://economy.gov.ru/minec/activity/sections/macro/2016241101"""
"2018,""Письмо Министерства экономического развития РФ"",""garant.ru›ИПО›Документы ленты прайм›71411560"",""http://www.garant.ru/products/ipo/prime/doc/71411560/"""
"2018,""Информация Министерства экономического развития"",""garant.ru›ИПО›Документы ленты прайм›71477706"",""http://www.garant.ru/products/ipo/prime/doc/71477706/"""
"2018,""Основные показатели прогноза"",""zdamsam.ru›a19131.html"",""http://zdamsam.ru/a19131.html"""
"2018,""Прогноз социально-экономического развития РФ"",""audar-info.ru›Нормативные акты›acts/?artId=1669104…"",""http://www.audar-info.ru/docs/acts/?sectId=350081&artId=1669104"""
"2018,""Прогноз социально - экономического развития"",""asozd2.duma.gov.ru›Распития›Заседания Комитета›?OpenAgent&work/dz.nsf…"",""http://asozd2.duma.gov.ru/main.nsf/(ViewDoc)?OpenAgent&work/dz.nsf/ByID&6E4CC4CF25C632074325805A0064C0D7"""
"2018,""Сценарный прогноз социально - экономического"",""iep.ru›Экономического развития РФ"",""http://www.iep.ru/files/text/prognoz/macro/2016-18_Sept.16.pdf"""
"2018,""Прогноз социально-экономического развития"",""MirPrognozov.ru›…sotsialno…razvitiya-rossiyskoy…"",""http://www.MirPrognozov.ru/prognosis/economics/prognoz-sotsialno-ekonomicheskogo-razvitiya-rossiyskoy-federatsii/"""
"2018,""""""Прогноз социально-экономического развития"""""",""legalacts.ru›doc…sotsialno…razvitija-rossiiskoi…"",""http://legalacts.ru/doc/prognoz-sotsialno-ekonomicheskogo-razvitija-rossiiskoi-federatsii-na-2016/"""
"2018,""Прогноз социально-экономического развития России"",""tppchr.ru›index.php?Mn=49&sMn=202"",""http://www.tppchr.ru/index.php?Mn=49&sMn=202"""
"2019,""ИРЧП субъектов Российской Федерации — Википедия"",""ru.wikipedia.org›wiki/ИРЧП_субъектов_Российской…"",""https://ru.wikipedia.org/wiki/%D0%98%D0%A0%D0%A7%D0%9F_%D1%81%D1%83%D0%B1%D1%8A%D0%B5%D0%BA%D1%82%D0%BE%D0%B2_%D0%A0%D0%BE%D1%81%D1%81%D0%B8%D0%B9%D1%81%D0%BA%D0%BE%D0%B9_%D0%A4%D0%B5%D0%B4%D0%B5%D1%80%D0%B0%D1%86%D0%B8%D0%B8"""
"2019,""Россия и Сибирь в процессе глобального развития"",""pandia.ru›text/77/348/71826.php"",""http://pandia.ru/text/77/348/71826.php"""
"2019,""ООН опубликовала традиционный """"Индекс Развития"""""",""kp.ru›daily/24009/84622/"",""http://www.kp.ru/daily/24009/84622/"""
"2019,""Индекс развития человеческого потенциала: место"",""CyberLeninka.ru›article…indeks…potentsiala…rossii…"",""http://CyberLeninka.ru/article/n/indeks-razvitiya-chelovecheskogo-potentsiala-mesto-rossii-v-sovremennom-mire"""
"2019,""Программа развития ООН: Индекс человеческого"",""gtmarket.ru›Новости›Программа развития оон"",""http://gtmarket.ru/news/2015/12/16/7285"""
"2019,""ИРЧП субъектов Российской Федерации — Википедия"",""ru.rfwiki.org›wiki/ИРЧП_субъектов_Российской…"",""http://ru.rfwiki.org/wiki/%D0%98%D0%A0%D0%A7%D0%9F_%D1%81%D1%83%D0%B1%D1%8A%D0%B5%D0%BA%D1%82%D0%BE%D0%B2_%D0%A0%D0%BE%D1%81%D1%81%D0%B8%D0%B9%D1%81%D0%BA%D0%BE%D0%B9_%D0%A4%D0%B5%D0%B4%D0%B5%D1%80%D0%B0%D1%86%D0%B8%D0%B8"""
"2019,""О внесении изменений в план мероприятий"",""docs.cntd.ru›document/444789878"",""http://docs.cntd.ru/document/444789878"""
"2019,""Индекс развития человеческого потенциала в РФ"",""newsland.com›…indeks…chelovecheskogo-potentsiala…"",""https://newsland.com/user/4297675234/content/indeks-razvitiia-chelovecheskogo-potentsiala-v-rf/4064651"""
"2019,""ВестиRu: Россия в цифрах Индекс развития"",""vesti.ru›Видео›show/vid/520470"",""http://www.vesti.ru/videos/show/vid/520470/"""
"2019,""Расчет и анализ ИРЧП для Российской Федерации"",""KazEdu.kz›referat/119633/5"",""https://www.KazEdu.kz/referat/119633/5"""
"2019,""Размер российского ВВП на душу населения по уровню"",""finmarket.ru›Новости›339074"",""http://www.finmarket.ru/news/339074"""
"2019,""ВВП по ППС на душу населения - Россия"",""data.trendeconomy.ru›Россия"",""http://data.trendeconomy.ru/imf/weo/Gross_domestic_product_based_on_purchasing_power_parity_PPPPC/Russia"""
"2019,""Прогноз стабильный: кризис отпускает россиян"",""ria.ru›Экономика›Видео›1477349251.html"",""https://ria.ru/economy/20160919/1477349251.html"""
"2019,""Список стран по ВВП (ППС) на душу населения"",""ru.wikipedia.org›Список стран по ВВП (ППС) на душу населения"",""https://ru.wikipedia.org/wiki/%D0%A1%D0%BF%D0%B8%D1%81%D0%BE%D0%BA_%D1%81%D1%82%D1%80%D0%B0%D0%BD_%D0%BF%D0%BE_%D0%92%D0%92%D0%9F_(%D0%9F%D0%9F%D0%A1)_%D0%BD%D0%B0_%D0%B4%D1%83%D1%88%D1%83_%D0%BD%D0%B0%D1%81%D0%B5%D0%BB%D0%B5%D0%BD%D0%B8%D1%8F"""
"2019,""S&P предсказало падение ВВП России на 1,4 процента"",""lenta.ru›news/2016/03/18/gdpforecast/"",""https://lenta.ru/news/2016/03/18/gdpforecast/"""
"2019,""Правительство ухудшило прогноз для бюджета"",""gazeta.ru›Бизнес›2016/09/21/10208285.shtml"",""https://www.gazeta.ru/business/2016/09/21/10208285.shtml"""
"2019,""ВВП на душу населения в год по республикам"",""voprosik.net›kto-bolshe-vsex-poteryal-ot-padeniya…"",""http://voprosik.net/kto-bolshe-vsex-poteryal-ot-padeniya-sssr/"""
"2019,""ВВП на душу населения (в текущих ценах, в долларах)"",""total-rating.ru›…vvp-na-dushu-naseleniya-v…cenah…"",""http://total-rating.ru/204-vvp-na-dushu-naseleniya-v-tekuschih-cenah-v-dollarah-ssha-rossii.html"""
"2019,""ВВП на душу населения в год"",""nk.org.ua›Геополитика›kto-kogo-kormil-v-sssr-i…"",""http://nk.org.ua/geopolitika/kto-kogo-kormil-v-sssr-i-kto-bolshe-proigral-ot-ego-razvala-67790"""
"2019,""Экономика Украины топчется в болоте Эксперт о ВВП"",""uainfo.org›Новости›…-v-bolote-ekspert-o-vvp…"",""http://uainfo.org/blognews/1481458061-ekonomika-ukrainy-topchetsya-v-bolote-ekspert-o-vvp-i-kurse.html"""
"2019,""Информация Министерства экономического развития"",""garant.ru›ИПО›Документы ленты прайм›71477706"",""http://www.garant.ru/products/ipo/prime/doc/71477706/"""
"2019,""Прогноз социально-экономического развития"",""economy.gov.ru›Деятельность›2016241101"",""http://economy.gov.ru/minec/activity/sections/macro/2016241101"""
"2019,""Прогноз социально - экономического развития"",""asozd2.duma.gov.ru›Распития›Заседания Комитета›?OpenAgent&work/dz.nsf…"",""http://asozd2.duma.gov.ru/main.nsf/(ViewDoc)?OpenAgent&work/dz.nsf/ByID&6E4CC4CF25C632074325805A0064C0D7"""
"2019,""Сопроводительное письмо к индексам-дефляторам"",""ocenchik.ru›docsi/2799-pismo-indeksam…do2019…"",""http://www.ocenchik.ru/docsi/2799-pismo-indeksam-deflyatoram-do2019-minekonomrazvitiya2016.html"""
"2019,""О прогнозе социально-экономического"",""docs.cntd.ru›document/453147526"",""http://docs.cntd.ru/document/453147526"""
"2019,""Прогноз социально-экономического развития"",""duma.tomsk.ru›upload/files/2016/10/b2017_1.pdf"",""https://duma.tomsk.ru/upload/files/2016/10/b2017_1.pdf"""
"2019,""Прогноз социально-экономического развития России"",""russinfo.net›prognoz-na…socialno…razvitiya-rossii…"",""http://russinfo.net/prognoz-na-god/ekonomicheskij-prognoz/prognoz-socialno-ekonomicheskogo-razvitiya-rossii-na-2017-god.html"""
"2019,""Министерство экономического развития"",""economy.49gov.ru›Деятельность›Стратегическое планирование›Прогноз"",""https://economy.49gov.ru/activities/progress/forecast/"""
"2019,""ПРОГНОЗ"",""fprb.ru›download/economika_mpk/prognoz_ser_rb.pdf"",""http://www.fprb.ru/download/economika_mpk/prognoz_ser_rb.pdf"""
"2019,""Прогноз социально-экономического развития России"",""chalkan.kg›news…prognoz-socialno…razvitiya-rossii…"",""http://chalkan.kg/news/economy/79328-prognoz-socialno-ekonomicheskogo-razvitiya-rossii-na-2017-god.html"""
"2020,""Развитие человеческого потенциала в России"",""protown.ru›information/hide/7452.html"",""http://www.protown.ru/information/hide/7452.html"""
"2020,""КОНЦЕПЦИЯ"",""resurs-yar.ru›files/vip22/blok1/1.pdf"",""http://resurs-yar.ru/files/vip22/blok1/1.pdf"""
"2020,""Путинская Россия-2020"",""maxpark.com›Клуб интеллектуалов›content/5178295"",""http://maxpark.com/community/88/content/5178295"""
"2020,""Проблемы формирования ирчп в России"",""epa.oszk.hu›02700/02750/00035/pdf/EPA02750_…"",""http://epa.oszk.hu/02700/02750/00035/pdf/EPA02750_tudasmenedzsment_2014_01_ksz_008-013.pdf"""
"2020,""Стратегия 2020 для россии"",""CyberLeninka.ru›article…rossiya-chelovecheskiy…v…"",""http://CyberLeninka.ru/article/n/rossiya-chelovecheskiy-kapital-i-razvitie-cheloveka-v-regionalnom-izmerenii-2010-g.pdf"""
"2020,""Об утверждении Концепции долгосрочного"",""docs.cntd.ru›document/902130343"",""http://docs.cntd.ru/document/902130343"""
"2020,""Доклад о человеческом развитии"",""undp.ru›documents/NHDR-2013.pdf"",""http://www.undp.ru/documents/NHDR-2013.pdf"""
"2020,""Проблемы и перспективы развития человеческого"",""nauka-rastudent.ru›2016›3873"",""http://nauka-rastudent.ru/36/3873/"""
"2020,""Проекты РЦИТ - Концепция долгосрочного"",""rcit.su›techinfoF4.html"",""http://www.rcit.su/techinfoF4.html"""
"2020,""Значение человеческого потенциала в инновационном"",""aup.ru›Книги›И.Долгов›2_3.htm"",""http://www.aup.ru/books/m1526/2_3.htm"""
"2020,""ВестиRu: МЭРТ: к 2020 году ВВП России вырастет в 5 раз"",""vesti.ru›doc.html?id=148724&cid=6"",""http://www.vesti.ru/doc.html?id=148724&cid=6"""
"2020,""ВВП по ППС на душу населения - Россия"",""data.trendeconomy.ru›Россия"",""http://data.trendeconomy.ru/imf/weo/Gross_domestic_product_based_on_purchasing_power_parity_PPPPC/Russia"""
"2020,""Объем ВВП на душу населения в России к 2020 году"",""ereport.ru›news/0707242022.htm"",""http://www.ereport.ru/news/0707242022.htm"""
"2020,""CEBR: Россия станет четвертой по уровню ВВП к 2020 году"",""dp.ru›a/2011/12/27/CEBR_Rossija_stanet_chetve/"",""https://www.dp.ru/a/2011/12/27/CEBR_Rossija_stanet_chetve/"""
"2020,""Россия в 2020 году"",""ap7.ru›prognozy/rossija_v_godu.html"",""http://www.ap7.ru/prognozy/rossija_v_godu.html"""
"2020,""В 2020 году россияне будут жить при путинизме"",""mk.ru›Издания›…-v-2020-godu-rossiyane…"",""http://www.mk.ru/editions/daily/article/2008/02/08/55975-v-2020-godu-rossiyane-budut-zhit-pri-putinizme.html"""
"2020,""МЭРТ подготовил концепцию развития России до 2020"",""finmarket.ru›Новости›612171"",""http://www.finmarket.ru/news/612171"""
"2020,""ВЗГЛЯД"",""vz.ru›Экономика›…/152584.print.html"",""http://vz.ru/economy/2008/3/17/152584.print.html"""
"2020,""Часть 3[1] Мировая экономика"",""StudFiles.ru›preview/3864691/page:2/"",""http://www.StudFiles.ru/preview/3864691/page:2/"""
"2020,""Экономический прогноз «Мир в 2050 году»"",""pwc.ru›ru/press-releases/2015/economic_forecast_…"",""http://www.pwc.ru/ru/press-releases/2015/economic_forecast_2050.html"""
"2020,""Об утверждении Концепции долгосрочного"",""docs.cntd.ru›document/902130343"",""http://docs.cntd.ru/document/902130343"""
"2020,""Стратегия и Концепция социально-экономического"",""mirznanii.com›…sotsialno…razvitiya-rossii…2020…ana"",""http://mirznanii.com/a/261490/strategiya-i-kontseptsiya-sotsialno-ekonomicheskogo-razvitiya-rossii-do-2020-goda-ekonomicheskiy-ana"""
"2020,""долгосрочного социально-экономического развития"",""pandia.ru›text/79/011/70878.php"",""http://pandia.ru/text/79/011/70878.php"""
"2020,""УТВЕРЖДЕНА"",""ifap.ru›ofdocs/rus/rus006.pdf"",""http://www.ifap.ru/ofdocs/rus/rus006.pdf"""
"2020,""КОНЦЕПЦИЯ"",""resurs-yar.ru›files/vip22/blok1/1.pdf"",""http://resurs-yar.ru/files/vip22/blok1/1.pdf"""
"2020,""России на период до 2020 года обеспе"",""CyberLeninka.ru›article/n…sotsialno…razvitiya…"",""http://CyberLeninka.ru/article/n/kompleksnaya-otsenka-sotsialno-ekonomicheskogo-razvitiya-regiona.pdf"""
"2020,""О Концепции долгосрочного социально-экономического"",""lawru.info›2008›Ноя›17/n53862.htm"",""http://lawru.info/dok/2008/11/17/n53862.htm"""
"2020,""«Концепци я долгосрочного социально-экономического»"",""gigabaza.ru›doc/75723.html"",""http://gigabaza.ru/doc/75723.html"""
"2020,""Концепция социально-экономического развития"",""StudFiles.ru›preview/3976890/"",""http://www.StudFiles.ru/preview/3976890/"""
"2020,""Российской федерации на период до 2030 года"",""government.ru›media/files/41d457592e04b76338b7.pdf"",""http://government.ru/media/files/41d457592e04b76338b7.pdf"""
"2021,""5 Сравнение потенциала личности (ИРЧП) в России"",""viperson.ru›articles/5…potentsiala…irchp-v-rossii…"",""http://viperson.ru/articles/5-sravnenie-potentsiala-lichnosti-irchp-v-rossii-i-mire-1"""
"2021,""ИРЧП субъектов Российской Федерации — Википедия"",""ru.wikipedia.org›wiki/ИРЧП_субъектов_Российской…"",""https://ru.wikipedia.org/wiki/%D0%98%D0%A0%D0%A7%D0%9F_%D1%81%D1%83%D0%B1%D1%8A%D0%B5%D0%BA%D1%82%D0%BE%D0%B2_%D0%A0%D0%BE%D1%81%D1%81%D0%B8%D0%B9%D1%81%D0%BA%D0%BE%D0%B9_%D0%A4%D0%B5%D0%B4%D0%B5%D1%80%D0%B0%D1%86%D0%B8%D0%B8"""
"2021,""Россия и Сибирь в процессе глобального развития"",""pandia.ru›text/77/348/71826.php"",""http://pandia.ru/text/77/348/71826.php"""
"2021,""Индекс развития человеческого потенциала: место"",""CyberLeninka.ru›article…indeks…potentsiala…rossii…"",""http://CyberLeninka.ru/article/n/indeks-razvitiya-chelovecheskogo-potentsiala-mesto-rossii-v-sovremennom-mire"""
"2021,""Реферат: Стратегия повышения качества жизни"",""BestReferat.ru›referat-268009.html"",""http://www.BestReferat.ru/referat-268009.html"""
"2021,""Программа развития ООН: Индекс человеческого"",""gtmarket.ru›Новости›Программа развития оон"",""http://gtmarket.ru/news/2015/12/16/7285"""
"2021,""ИРЧП субъектов Российской Федерации — Википедия"",""ru.rfwiki.org›wiki/ИРЧП_субъектов_Российской…"",""http://ru.rfwiki.org/wiki/%D0%98%D0%A0%D0%A7%D0%9F_%D1%81%D1%83%D0%B1%D1%8A%D0%B5%D0%BA%D1%82%D0%BE%D0%B2_%D0%A0%D0%BE%D1%81%D1%81%D0%B8%D0%B9%D1%81%D0%BA%D0%BE%D0%B9_%D0%A4%D0%B5%D0%B4%D0%B5%D1%80%D0%B0%D1%86%D0%B8%D0%B8"""
"2021,""Человеческий капитал (ИРЧП) архангельской"",""pomorcpp.org›insight/?comments=1&id=22"",""http://www.pomorcpp.org/insight/?comments=1&id=22"""
"2021,""Развитие человеческого потенциала в России"",""economyofregion.uralces.ru›Data/Issues/ER2013/Sep…"",""http://economyofregion.uralces.ru/Data/Issues/ER2013/September_2013/ERSeptember2013_101_112.pdf"""
"2021,""Индекс развития человеческого потенциала (ИРЧП)"",""genby.livejournal.com›24 comments"",""http://genby.livejournal.com/510338.html"""
"2021,""ВВП по ППС на душу населения - Россия"",""data.trendeconomy.ru›Россия"",""http://data.trendeconomy.ru/imf/weo/Gross_domestic_product_based_on_purchasing_power_parity_PPPPC/Russia"""
"2021,""ВВП на душу населения в постоянных ценах - Россия"",""data.trendeconomy.ru›imf/weo/Gross_domestic…Russia"",""http://data.trendeconomy.ru/imf/weo/Gross_domestic_product_per_capita_constant_prices_NGDPRPC/Russia"""
"2021,""ВВП на душу населения в текущих ценах, национальная"",""data.trendeconomy.ru›imf/weo/Gross_domestic…Russia"",""http://data.trendeconomy.ru/imf/weo/Gross_domestic_product_per_capita_current_prices_NGDPPC/Russia"""
"2021,""Обещание 20-летней стагнации российской экономики"",""ridus.ru›news/234263.html"",""https://www.ridus.ru/news/234263.html"""
"2021,""Список стран по ВВП (номинал) на душу населения"",""ru.wikipedia.org›Список стран по ВВП (номинал) на душу населения"",""https://ru.wikipedia.org/wiki/%D0%A1%D0%BF%D0%B8%D1%81%D0%BE%D0%BA_%D1%81%D1%82%D1%80%D0%B0%D0%BD_%D0%BF%D0%BE_%D0%92%D0%92%D0%9F_(%D0%BD%D0%BE%D0%BC%D0%B8%D0%BD%D0%B0%D0%BB)_%D0%BD%D0%B0_%D0%B4%D1%83%D1%88%D1%83_%D0%BD%D0%B0%D1%81%D0%B5%D0%BB%D0%B5%D0%BD%D0%B8%D1%8F"""
"2021,""ВВП России на душу населения в текущих ценах"",""total-rating.ru›…vvp…na-dushu-naseleniya-v…cenah…"",""http://total-rating.ru/202-vvp-rossii-na-dushu-naseleniya-v-tekuschih-cenah-v-nacionalnoy-valyute.html"""
"2021,""Бюллетень"",""ac.gov.ru›Бюллетень"",""http://ac.gov.ru/files/publication/a/10544.pdf"""
"2021,""Опять удвояем ВВП (теперь к 2021 году), вы в это верите?"",""forum.na-svyazi.ru›?showtopic=874514"",""http://forum.na-svyazi.ru/?showtopic=874514"""
"2021,""ВВП на душу населения Рейтинг стран по ВВП Доход"",""kakdobratsyado.ru›rejting…vvp-na-dushu-naseleniya…"",""http://kakdobratsyado.ru/rejting-stran-vvp-na-dushu-naseleniya-pps/"""
"2021,""ВВП НА ДУШУ НАСЕЛЕНИЯ ПО ППС России и других"",""matveychev-oleg.livejournal.com›4537690.html"",""http://matveychev-oleg.livejournal.com/4537690.html"""
"2021,""Министерства национальной экономики республики"",""economy.gov.kz›…sotsialno-ekonomicheskoe-razvitie…"",""http://economy.gov.kz/ru/sotsialno-ekonomicheskoe-razvitie/detail.php?ELEMENT_ID=71260"""
"2021,""СТРАТЕГИЯ РАЗВИТИЯ"",""veb.ru›common/upload/files/veb/21VEB_Strategy…"",""http://www.veb.ru/common/upload/files/veb/21VEB_Strategy_Rus.pdf"""
"2021,""До 2021 года и на перспективу до 2030 года"",""cesi.tatarstan.ru›rus/file/pub/pub_682762.pdf"",""http://cesi.tatarstan.ru/rus/file/pub/pub_682762.pdf"""
"2021,""Тульской области на период до 2021 года"",""publication.pravo.gov.ru›Document/GetFile/…"",""http://publication.pravo.gov.ru/Document/GetFile/7100201607130008?type=pdf"""
"2021,""Таблица 22 - Прогноз основных макроэкономических"",""Consultant.ru›document/cons_doc_LAW_186698/…/"",""http://www.Consultant.ru/document/cons_doc_LAW_186698/e176aa6f0516ae32a38b0f8325a7ac225e578f43/"""
"2021,""Прогноз долгосрочного социально-экономического"",""garant.ru›ИПО›Документы ленты прайм›70209010"",""http://www.garant.ru/products/ipo/prime/doc/70209010/"""
"2021,""Об утверждении основных направлений"",""docs.cntd.ru›document/438981377"",""http://docs.cntd.ru/document/438981377"""
"2021,""Российской федерации на период до 2030 года"",""government.ru›media/files/41d457592e04b76338b7.pdf"",""http://government.ru/media/files/41d457592e04b76338b7.pdf"""
"2021,""rnlomovpnzregru/files/nlomov_pnzreg_ru/economica/npa"",""rnlomov.pnzreg.ru›files/nlomov…npa…razvitiya.docx"",""http://rnlomov.pnzreg.ru/files/nlomov_pnzreg_ru/economica/npa/strategiya__razvitiya.docx"""
"2021,""Показатели социально-экономического развития"",""chistopol.tatarstan.ru›rus/file…strategia2021.pdf"",""http://chistopol.tatarstan.ru/rus/file/File/strategia2021.pdf"""
"2022,""ИРЧП субъектов Российской Федерации — Википедия"",""ru.wikipedia.org›wiki/ИРЧП_субъектов_Российской…"",""https://ru.wikipedia.org/wiki/%D0%98%D0%A0%D0%A7%D0%9F_%D1%81%D1%83%D0%B1%D1%8A%D0%B5%D0%BA%D1%82%D0%BE%D0%B2_%D0%A0%D0%BE%D1%81%D1%81%D0%B8%D0%B9%D1%81%D0%BA%D0%BE%D0%B9_%D0%A4%D0%B5%D0%B4%D0%B5%D1%80%D0%B0%D1%86%D0%B8%D0%B8"""
"2022,""Российской"",""ac.gov.ru›Доклад"",""http://ac.gov.ru/files/publication/a/4758.pdf"""
"2022,""Качества жизни"",""inecon.org›Благополучия"",""http://inecon.org/docs/Kislitsyna_paper_20160404.pdf"""
"2022,""Программа развития ООН: Индекс человеческого"",""gtmarket.ru›Новости›Программа развития оон"",""http://gtmarket.ru/news/2015/12/16/7285"""
"2022,""Индекс развития человеческого потенциала (ИРЧП)"",""genby.livejournal.com›24 comments"",""http://genby.livejournal.com/510338.html"""
"2022,""Россия перед лицом демографических вызовов"",""demoscope.ru›weekly/2009/0375/biblio01.php"",""http://www.demoscope.ru/weekly/2009/0375/biblio01.php"""
"2022,""Индекс развития человеческого потенциала: место"",""CyberLeninka.ru›article…indeks…potentsiala…rossii…"",""http://CyberLeninka.ru/article/n/indeks-razvitiya-chelovecheskogo-potentsiala-mesto-rossii-v-sovremennom-mire"""
"2022,""ИЧР - это Что такое ИЧР?"",""dic.academic.ru›dic.nsf/ruwiki/932074"",""http://dic.academic.ru/dic.nsf/ruwiki/932074"""
"2022,""ИРЧП субъектов Российской Федерации — Википедия"",""ru.rfwiki.org›wiki/ИРЧП_субъектов_Российской…"",""http://ru.rfwiki.org/wiki/%D0%98%D0%A0%D0%A7%D0%9F_%D1%81%D1%83%D0%B1%D1%8A%D0%B5%D0%BA%D1%82%D0%BE%D0%B2_%D0%A0%D0%BE%D1%81%D1%81%D0%B8%D0%B9%D1%81%D0%BA%D0%BE%D0%B9_%D0%A4%D0%B5%D0%B4%D0%B5%D1%80%D0%B0%D1%86%D0%B8%D0%B8"""
"2022,""Цели развития тысячелетия в России: взгляд в будущее"",""undp.ru›nhdr2010/Nationa_Human_Development…the_RF…"",""http://www.undp.ru/nhdr2010/Nationa_Human_Development_Report_in_the_RF_2010_RUS.pdf"""
"2022,""Таблица ВВП, которую никто не видел"",""derzhava.today›tablitsa-vvp-kotoruyu-nikto…videl/"",""http://derzhava.today/tablitsa-vvp-kotoruyu-nikto-ne-videl/"""
"2022,""К 2022 г КНР возглавит список стран - ИА REGNUM"",""regnum.ru›Новости›2214532.html"",""https://regnum.ru/news/economy/2214532.html"""
"2022,""Таблица ВВП, которую никто не видел"",""proza.ru›2009/10/01/311"",""http://www.proza.ru/2009/10/01/311"""
"2022,""Список стран по ВВП (ППС) на душу населения"",""ru.wikipedia.org›Список стран по ВВП (ППС) на душу населения"",""https://ru.wikipedia.org/wiki/%D0%A1%D0%BF%D0%B8%D1%81%D0%BE%D0%BA_%D1%81%D1%82%D1%80%D0%B0%D0%BD_%D0%BF%D0%BE_%D0%92%D0%92%D0%9F_(%D0%9F%D0%9F%D0%A1)_%D0%BD%D0%B0_%D0%B4%D1%83%D1%88%D1%83_%D0%BD%D0%B0%D1%81%D0%B5%D0%BB%D0%B5%D0%BD%D0%B8%D1%8F"""
"2022,""ВВП НА ДУШУ НАСЕЛЕНИЯ ПО ППС России и других"",""munich2011com.livejournal.com›122799.html"",""http://munich2011com.livejournal.com/122799.html"""
"2022,""Габон обошел Россию по ВВП на душу населения"",""by24.org›2016/03/21/gabon_defeated_russia_in_the…"",""http://by24.org/2016/03/21/gabon_defeated_russia_in_the_economy/"""
"2022,""Россия в следующем году угодит в ловушку"",""interfax.ru›Экономика›277077"",""http://www.interfax.ru/business/277077"""
"2022,""ВВП России на душу населения в текущих ценах"",""total-rating.ru›…vvp…na-dushu-naseleniya-v…cenah…"",""http://total-rating.ru/202-vvp-rossii-na-dushu-naseleniya-v-tekuschih-cenah-v-nacionalnoy-valyute.html"""
"2022,""Экономики государств"",""carnegieendowment.org›files/7.pdf"",""http://carnegieendowment.org/files/7.pdf"""
"2022,""Россия пропустила Казахстан вперед по ВВП на душу"",""m.lenta.ru›articles/2015/08/11/gdp"",""https://m.lenta.ru/articles/2015/08/11/gdp"""
"2022,""Прогноз долгосрочного социально-экономического"",""economy.gov.ru›Деятельность›России"",""http://economy.gov.ru/minec/activity/sections/macro/prognoz/doc20130325_06"""
"2022,""Об утверждении схемы и программы развития Единой"",""docs.pravo.ru›Кодексы›view/83643971/96111222"",""http://docs.pravo.ru/document/view/83643971/96111222/"""
"2022,""Таблица 22 - Прогноз основных макроэкономических"",""SudAct.ru›law…rossii-ot-01032016…razvitiia…rossii…"",""http://SudAct.ru/law/prikaz-minenergo-rossii-ot-01032016-n-147/skhema-i-programma-razvitiia-edinoi/2/ees-rossii/tablitsa-2.2-prognoz-osnovnykh/"""
"2022,""Прогноз долгосрочного социально-экономического"",""base.garant.ru›70309010/"",""http://base.garant.ru/70309010/"""
"2022,""Тамбовской области на период 2015 - 2022 гг"",""r00.tmbreg.ru›assets…SovNarDep…resh…2014-12-23.pdf"",""http://r00.tmbreg.ru/assets/files/SovNarDep/programma/resh_N182_2014-12-23.pdf"""
"2022,""ПОСТАНОВЛЕНИЕ"",""v-salda.ru›upload/iblock/f5c/3509.pdf"",""http://v-salda.ru/upload/iblock/f5c/3509.pdf"""
"2022,""Российской федерации на период до 2030 года"",""government.ru›media/files/41d457592e04b76338b7.pdf"",""http://government.ru/media/files/41d457592e04b76338b7.pdf"""
"2022,""О прогнозе социально-экономического"",""docs.cntd.ru›document/444824217"",""http://docs.cntd.ru/document/444824217"""
"2022,""Прогноз социально - экономического развития"",""asozd2.duma.gov.ru›Распития›Заседания Комитета›?OpenAgent&work/dz.nsf…"",""http://asozd2.duma.gov.ru/main.nsf/(ViewDoc)?OpenAgent&work/dz.nsf/ByID&6E4CC4CF25C632074325805A0064C0D7"""
"2022,""ПАСПОРТ ПРОГРАММЫ"",""uprava-bodaibo.ru›upload…8f2/35…соц…развития.doc"",""http://uprava-bodaibo.ru/upload/medialibrary/8f2/35-%D0%BF%D0%B0%20%D0%9F%D1%80%D0%BE%D0%B3%D1%80%D0%B0%D0%BC%D0%BC%D0%B0%20%D1%81%D0%BE%D1%86.%D1%8D%D0%BA.%D1%80%D0%B0%D0%B7%D0%B2%D0%B8%D1%82%D0%B8%D1%8F.doc"""
"2023,""Молдова занимает 107 место по индексу человеческого"",""gazeta.gospmr.org›?p=10481"",""http://gazeta.gospmr.org/?p=10481"""
"2023,""Стратегия-2023 Как Турция станет богатой страной"",""maindoor.ru›Статьи›Стратегия-2023"",""http://maindoor.ru/articles/strategiya-2023.-kak-turciya-stanet-bogatoj-stranoj/"""
"2023,""Развитие человеческого потенциала красноярского края "",""CyberLeninka.ru›article/n/razvitie…potentsiala…"",""http://CyberLeninka.ru/article/n/razvitie-chelovecheskogo-potentsiala-krasnoyarskogo-kraya.pdf"""
"2023,""Когда наконец появится долгосрочная бюджетная"",""viperson.ru›Публикации›…-strany-do-2023-goda"",""http://viperson.ru/articles/kogda-nakonets-poyavitsya-dolgosrochnaya-byudzhetnaya-strategiya-strany-do-2023-goda"""
"2023,""ИРЧП субъектов Российской Федерации — Википедия"",""ru.wikipedia.org›wiki/ИРЧП_субъектов_Российской…"",""https://ru.wikipedia.org/wiki/%D0%98%D0%A0%D0%A7%D0%9F_%D1%81%D1%83%D0%B1%D1%8A%D0%B5%D0%BA%D1%82%D0%BE%D0%B2_%D0%A0%D0%BE%D1%81%D1%81%D0%B8%D0%B9%D1%81%D0%BA%D0%BE%D0%B9_%D0%A4%D0%B5%D0%B4%D0%B5%D1%80%D0%B0%D1%86%D0%B8%D0%B8"""
"2023,""Индекс развития человеческого потенциала"",""mybiblioteka.su›3-88533.html"",""http://mybiblioteka.su/3-88533.html"""
"2023,""Индекс развития человеческого потенциала (ИРЧП)"",""genby.livejournal.com›24 comments"",""http://genby.livejournal.com/510338.html"""
"2023,""Программа развития ООН: Индекс человеческого"",""gtmarket.ru›Новости›Программа развития оон"",""http://gtmarket.ru/news/2015/12/16/7285"""
"2023,""Расчет и анализ ИРЧП для Российской Федерации"",""KazEdu.kz›referat/119633/5"",""https://www.KazEdu.kz/referat/119633/5"""
"2023,""Индекс развития человеческого потенциала в РФ"",""newsland.com›…indeks…chelovecheskogo-potentsiala…"",""https://newsland.com/user/4297675234/content/indeks-razvitiia-chelovecheskogo-potentsiala-v-rf/4064651"""
"2023,""В течение последних 5 лет ВВП на душу населения"",""warandpeace.ru›Все статьи›Война и мир›91004"",""http://www.warandpeace.ru/ru/news/view/91004/"""
"2023,""По ВВП на душу населения Россия недосягаема (""""Milliyet"",""rusfact.ru›node/22903"",""http://www.rusfact.ru/node/22903"""
"2023,""Список стран по ВВП (номинал) на душу населения"",""ru.wikipedia.org›Список стран по ВВП (номинал) на душу населения"",""https://ru.wikipedia.org/wiki/%D0%A1%D0%BF%D0%B8%D1%81%D0%BE%D0%BA_%D1%81%D1%82%D1%80%D0%B0%D0%BD_%D0%BF%D0%BE_%D0%92%D0%92%D0%9F_(%D0%BD%D0%BE%D0%BC%D0%B8%D0%BD%D0%B0%D0%BB)_%D0%BD%D0%B0_%D0%B4%D1%83%D1%88%D1%83_%D0%BD%D0%B0%D1%81%D0%B5%D0%BB%D0%B5%D0%BD%D0%B8%D1%8F"""
"2023,""Экономика Индонезии превзойдет экономики России"",""ereport.ru›news/1505192109.htm"",""http://www.ereport.ru/news/1505192109.htm"""
"2023,""По уровню ВВП на душу населения"",""spb.kp.ru›daily/26499.7/3367348/"",""http://www.spb.kp.ru/daily/26499.7/3367348/"""
"2023,""""""По ВВП на душу населения Россия недосягаема"""""",""liport.ru›…15965…vvp-na-dushu-naseleniya-rossiya…"",""http://liport.ru/ekonomika/15965-po-vvp-na-dushu-naseleniya-rossiya-nedosyagaema.html"""
"2023,""Сверхдержавы в сравнении: США и Россия"",""dal-prom.ru›news/203/05-06-14-13/"",""http://dal-prom.ru/news/203/05-06-14-13/"""
"2023,""ВВП России на душу населения в текущих ценах"",""total-rating.ru›…vvp…na-dushu-naseleniya-v…cenah…"",""http://total-rating.ru/202-vvp-rossii-na-dushu-naseleniya-v-tekuschih-cenah-v-nacionalnoy-valyute.html"""
"2023,""ВВП на душу населения Рейтинг стран по ВВП Доход"",""kakdobratsyado.ru›rejting…vvp-na-dushu-naseleniya…"",""http://kakdobratsyado.ru/rejting-stran-vvp-na-dushu-naseleniya-pps/"""
"2023,""Габон обошел Россию по ВВП на душу населения"",""by24.org›2016/03/21/gabon_defeated_russia_in_the…"",""http://by24.org/2016/03/21/gabon_defeated_russia_in_the_economy/"""
"2023,""Бюджетная стратегия на период до 2023 года (Проект)"",""eg-online.ru›Справочники›84002"",""https://www.eg-online.ru/information/84002/"""
"2023,""Департамент образования Ярославской области"",""resurs-yar.ru›files/prog_rt/prognoz_2017_2023.pdf"",""http://resurs-yar.ru/files/prog_rt/prognoz_2017_2023.pdf"""
"2023,""Основные показатели прогноза"",""businesspravo.ru›Docum/DocumShow_DocumID_…"",""http://businesspravo.ru/Docum/DocumShow_DocumID_135524.html"""
"2023,""Бюджетная стратегия России на период до 2023 г"",""studme.org›1597012211232/finansy…rossii…2023"",""http://studme.org/1597012211232/finansy/byudzhetnaya_strategiya_rossii_period_2023"""
"2023,""Прогноз долгосрочного социально-экономического"",""base.garant.ru›70309010/"",""http://base.garant.ru/70309010/"""
"2023,""Прогноз социально-экономического развития"",""economy.gov.ru›Деятельность›2016241101"",""http://economy.gov.ru/minec/activity/sections/macro/2016241101"""
"2023,""ПРАВИТЕЛЬСТВО РОССИЙСКОЙ"",""government.ru›media/files/….pdf"",""http://government.ru/media/files/DemgqCPc1LRxGCBIYZhyKCLA9K4IeKLr.pdf"""
"2023,""usolye59ru/files/4713/8572/0899/_doc"",""usolye59.ru›files/4713/8572/0899/_.doc"",""http://usolye59.ru/files/4713/8572/0899/_.doc"""
"2023,""Действительно ли Бюджетная стратегия России"",""scienceforum.ru›Список научных направлений›pdf/1796.pdf"",""http://www.scienceforum.ru/2014/pdf/1796.pdf"""
"2023,""Регионы России Социально-экономические показатели"",""gks.ru›Каталог публикаций›Регионы России"",""http://www.gks.ru/wps/wcm/connect/rosstat_main/rosstat/ru/statistics/publications/catalog/doc_1138623506156"""
"2024,""Монах Авель предрек, что в 2024 году на престол России"",""dmitri-obi.livejournal.com›Монах Авель предрек"",""http://dmitri-obi.livejournal.com/4789948.html"""
"2024,""Пророк Авель о будущем России: это случится в 2024 году"",""u-f.ru›Пророк Авель о будущем России"",""http://u-f.ru/News/u386/2016/02/26/733752"""
"2024,""ИРЧП субъектов Российской Федерации — Википедия"",""ru.wikipedia.org›wiki/ИРЧП_субъектов_Российской…"",""https://ru.wikipedia.org/wiki/%D0%98%D0%A0%D0%A7%D0%9F_%D1%81%D1%83%D0%B1%D1%8A%D0%B5%D0%BA%D1%82%D0%BE%D0%B2_%D0%A0%D0%BE%D1%81%D1%81%D0%B8%D0%B9%D1%81%D0%BA%D0%BE%D0%B9_%D0%A4%D0%B5%D0%B4%D0%B5%D1%80%D0%B0%D1%86%D0%B8%D0%B8"""
"2024,""Развитие человеческого потенциала красноярского края "",""CyberLeninka.ru›article/n/razvitie…potentsiala…"",""http://CyberLeninka.ru/article/n/razvitie-chelovecheskogo-potentsiala-krasnoyarskogo-kraya.pdf"""
"2024,""Кто будет следующим президентом России после Путина в"",""russopatrioto.livejournal.com›5450.html"",""http://russopatrioto.livejournal.com/5450.html"""
"2024,""На Дальнем Востоке создадут около 80 тыс рабочих мест"",""tass.ru›Экономика и бизнес›1900603"",""http://tass.ru/ekonomika/1900603"""
"2024,""Программа развития ООН: Индекс человеческого"",""gtmarket.ru›Новости›Программа развития оон"",""http://gtmarket.ru/news/2015/12/16/7285"""
"2024,""Индекс развития человеческого потенциала (ИРЧП)"",""genby.livejournal.com›24 comments"",""http://genby.livejournal.com/510338.html"""
"2024,""Расчет и анализ ИРЧП для Российской Федерации"",""KazEdu.kz›referat/119633/5"",""https://www.KazEdu.kz/referat/119633/5"""
"2024,""По «качеству жизни» Тула занимает среди российских"",""tula.kp.ru›daily/24584.5/754415/"",""http://www.tula.kp.ru/daily/24584.5/754415/"""
"2024,""Ответы@MailRu: Кто может дать прогноз развития России на 12 лет опираясь на факты?"",""otvet.mail.ru›question/70710183"",""https://otvet.mail.ru/question/70710183"""
"2024,""Список стран по ВВП (номинал) на душу населения"",""ru.wikipedia.org›Список стран по ВВП (номинал) на душу населения"",""https://ru.wikipedia.org/wiki/%D0%A1%D0%BF%D0%B8%D1%81%D0%BE%D0%BA_%D1%81%D1%82%D1%80%D0%B0%D0%BD_%D0%BF%D0%BE_%D0%92%D0%92%D0%9F_(%D0%BD%D0%BE%D0%BC%D0%B8%D0%BD%D0%B0%D0%BB)_%D0%BD%D0%B0_%D0%B4%D1%83%D1%88%D1%83_%D0%BD%D0%B0%D1%81%D0%B5%D0%BB%D0%B5%D0%BD%D0%B8%D1%8F"""
"2024,""Габон обошел Россию по ВВП на душу населения"",""by24.org›2016/03/21/gabon_defeated_russia_in_the…"",""http://by24.org/2016/03/21/gabon_defeated_russia_in_the_economy/"""
"2024,""Россия в следующем году угодит в ловушку"",""interfax.ru›Экономика›277077"",""http://www.interfax.ru/business/277077"""
"2024,""Россия пропустила Казахстан вперед по ВВП на душу"",""m.lenta.ru›articles/2015/08/11/gdp"",""https://m.lenta.ru/articles/2015/08/11/gdp"""
"2024,""ВВП России на душу населения в текущих ценах"",""total-rating.ru›…vvp…na-dushu-naseleniya-v…cenah…"",""http://total-rating.ru/202-vvp-rossii-na-dushu-naseleniya-v-tekuschih-cenah-v-nacionalnoy-valyute.html"""
"2024,""Россия по ВВП (ППС) на душу населения – на 46 месте"",""anews.com›p/11170990/"",""http://www.anews.com/p/11170990/"""
"2024,""ВВП НА ДУШУ НАСЕЛЕНИЯ ПО ППС России и других"",""matveychev-oleg.livejournal.com›4537690.html"",""http://matveychev-oleg.livejournal.com/4537690.html"""
"2024,""ВВП стран мира на душу населения: рейтинг и таблица"",""visasam.ru›Эмиграция›Выбор страны›ВВП"",""http://visasam.ru/emigration/vybor/vvp-stran-mira.html"""
"2024,""ВВП по ППС на душу населения - Россия"",""data.trendeconomy.ru›Россия"",""http://data.trendeconomy.ru/imf/weo/Gross_domestic_product_based_on_purchasing_power_parity_PPPPC/Russia"""
"2024,""Минэкономразвития рассчитало долгосрочный прогноз"",""gazeta.ru›Бизнес›2016/10/19/10259831.shtml"",""https://www.gazeta.ru/business/2016/10/19/10259831.shtml"""
"2024,""ПРАВИТЕЛЬСТВО РОССИЙСКОЙ"",""government.ru›media/files/….pdf"",""http://government.ru/media/files/DemgqCPc1LRxGCBIYZhyKCLA9K4IeKLr.pdf"""
"2024,""Прогноз долгосрочного социально-экономического"",""base.garant.ru›70309010/"",""http://base.garant.ru/70309010/"""
"2024,""Как Путин поднимет экономику России в 2018-2024 годах?"",""newinform.com›…finansovyy…vzorvet…rossii-v…2024…"",""https://newinform.com/13817-finansovyy-geniy-putina-chto-vzorvet-ekonomiku-rossii-v-2018-2024-godah"""
"2024,""Министерство экономического развития Российской"",""economy.gov.ru›Деятельность"",""http://economy.gov.ru/minec/activity/sections/macro/prognoz"""
"2024,""Основные показатели социально-экономического"",""help-stud.ru›ref_pokazateli_rossii.php"",""http://help-stud.ru/ref_pokazateli_rossii.php"""
"2024,""ПРАВИТЕЛЬСТВО РОССИЙСКОЙ"",""assoc.khv.gov.ru›files/docs/2015/…"",""http://assoc.khv.gov.ru/files/docs/2015/063a569f558409cde615.pdf"""
"2024,""Социально-экономическое"",""gks.ru›free_doc/doc_2016/social/osn-06-2016.pdf"",""http://www.gks.ru/free_doc/doc_2016/social/osn-06-2016.pdf"""
"2024,""Социально-экономические итоги развития России"",""rusrand.ru›…ekonomicheskie…razvitiya-rossii-v…g…"",""http://rusrand.ru/analytics/socialno-ekonomicheskie-itogi-razvitiya-rossii-v-2015-g-analiticheskaya-spravka"""
"2024,""Основные показатели социально- экономического"",""studopedia.ru›7…pokazateli…razvitiya-rossii.html"",""http://studopedia.ru/7_178545_osnovnie-pokazateli-sotsialno--ekonomicheskogo-razvitiya-rossii.html"""
"2025,""Развитие человеческого потенциала в России"",""protown.ru›information/hide/7452.html"",""http://www.protown.ru/information/hide/7452.html"""
"2025,""Будущее России к 2025 году"",""rusrand.ru›Экспертная аналитика›Будущее России к 2025 году"",""http://rusrand.ru/analytics/buduschee-rossii-k-2025-godu"""
"2025,""Оценка человеческого потенциала алтайского края"",""izron.ru›articles…nau…chelovecheskogo-potentsiala…"",""http://izron.ru/articles/perspektivy-razvitiya-ekonomiki-i-menedzhmenta-sbornik-nauchnykh-trudov-po-itogam-mezhdunarodnoy-nau/sektsiya-21-ekonomicheskie-aspekty-regionalnogo-razvitiya/otsenka-chelovecheskogo-potentsiala-altayskogo-kraya/"""
"2025,""Аннотация  Статья «Статистический анализ развития"",""sireu.ru›files/nmer/2_09.pdf"",""http://sireu.ru/files/nmer/2_09.pdf"""
"2025,""Рис 7 Имитационный прогноз значений ИРЧП в России"",""ecsocman.hse.ru›data/2011/12/07…Davydov.pdf"",""http://ecsocman.hse.ru/data/2011/12/07/1270377801/Davydov.pdf"""
"2025,""Развитие человеческого потенциала в России"",""economyofregion.uralces.ru›Data/Issues/ER2013/Sep…"",""http://economyofregion.uralces.ru/Data/Issues/ER2013/September_2013/ERSeptember2013_101_112.pdf"""
"2025,""Газеты пишут о докладе о развитии человеческого"",""demoscope.ru›weekly/2009/0377/gazeta09.php"",""http://www.demoscope.ru/weekly/2009/0377/gazeta09.php"""
"2025,""ОБРАЩЕНИЕ К ЧИТАТЕЛЯМ: Доклад о развитии"",""texts.news›demografiya_1114/obraschenie-…"",""http://texts.news/demografiya_1114/obraschenie-chitatelyam-47254.html"""
"2025,""Развитие человеческого потенциала как стратегическая"",""interactive-plus.ru›article/112265/discussion_…"",""https://interactive-plus.ru/article/112265/discussion_platform"""
"2025,""Глава 5"",""econom.nsc.ru›conf08/info/Doklad/GvozdevaG.doc"",""http://econom.nsc.ru/conf08/info/Doklad/GvozdevaG.doc"""
"2025,""Где в 2025 году жить хорошо: 12 самых успешных городов"",""MirPrognozov.ru›prognosis…gde-v-2025-godu…gorodov…"",""http://www.MirPrognozov.ru/prognosis/society/gde-v-2025-godu-jit-horosho-12-samyih-uspeshnyih-gorodov-buduschego--delfi/"""
"2025,""РОССИЯ-2050 - Мир прогнозов"",""MirPrognozov.ru›prognosis/economics/rossiya-2050/"",""http://www.MirPrognozov.ru/prognosis/economics/rossiya-2050/"""
"2025,""Мир в 2025 году"",""alternathistory.com›mir-v-2025-godu"",""http://alternathistory.com/mir-v-2025-godu"""
"2025,""Исследование McKinsey: Урбанизированный мир в 2025"",""gtmarket.ru›Новости›Государственные стратегии›2011/03/28/2774"",""http://gtmarket.ru/news/state/2011/03/28/2774"""
"2025,""Народный Экономический Совет - Народное Движение"",""кировец-нск.рф›народный-экономический-совет/"",""http://xn----ctbjkjeuerp6c.xn--p1ai/%D0%BD%D0%B0%D1%80%D0%BE%D0%B4%D0%BD%D1%8B%D0%B9-%D1%8D%D0%BA%D0%BE%D0%BD%D0%BE%D0%BC%D0%B8%D1%87%D0%B5%D1%81%D0%BA%D0%B8%D0%B9-%D1%81%D0%BE%D0%B2%D0%B5%D1%82/"""
"2025,""К 2025 году Ярославская область должна войти"",""uglich-online.ru›…2025…v…vvp…dushu-naseleniya.html"",""http://uglich-online.ru/lenta/item/381-k-2025-godu-yaroslavskaya-oblast-dolzhna-vojti-v-dvadtsatku-luchshikh-regionov-rossii-po-urovnyu-vvp-na-dushu-naseleniya.html"""
"2025,""Список стран по ВВП (ППС) на душу населения"",""ru.wikipedia.org›Список стран по ВВП (ППС) на душу населения"",""https://ru.wikipedia.org/wiki/%D0%A1%D0%BF%D0%B8%D1%81%D0%BE%D0%BA_%D1%81%D1%82%D1%80%D0%B0%D0%BD_%D0%BF%D0%BE_%D0%92%D0%92%D0%9F_(%D0%9F%D0%9F%D0%A1)_%D0%BD%D0%B0_%D0%B4%D1%83%D1%88%D1%83_%D0%BD%D0%B0%D1%81%D0%B5%D0%BB%D0%B5%D0%BD%D0%B8%D1%8F"""
"2025,""Виктор Ивантер: Кризис кончился, но государство в долгу"",""rg.ru›2017/02/13…gosudarstvo…dolgu…naseleniem.html"",""https://rg.ru/2017/02/13/viktor-ivanter-krizis-konchilsia-no-gosudarstvo-v-dolgu-pered-naseleniem.html"""
"2025,""Где в 2025 году жить хорошо: 12 самых успешных городов"",""ru.delfi.lt›За рубежом›В мире›gde-v-2025-godu-zhit…"",""http://ru.delfi.lt/abroad/global/gde-v-2025-godu-zhit-horosho-12-samyh-uspeshnyh-gorodov-buduschego.d?id=60525909"""
"2025,""Екатеринбург и Тюмень в 2025 году глазами иностранных"",""ura.ru›Интервью›1036256310"",""http://ura.ru/articles/1036256310"""
"2025,""Стратегия социально-экономического развития до 2025"",""textarchive.ru›c-1162079.html"",""http://textarchive.ru/c-1162079.html"""
"2025,""Народный Экономический Совет - Народное Движение"",""кировец-нск.рф›народный-экономический-совет/"",""http://xn----ctbjkjeuerp6c.xn--p1ai/%D0%BD%D0%B0%D1%80%D0%BE%D0%B4%D0%BD%D1%8B%D0%B9-%D1%8D%D0%BA%D0%BE%D0%BD%D0%BE%D0%BC%D0%B8%D1%87%D0%B5%D1%81%D0%BA%D0%B8%D0%B9-%D1%81%D0%BE%D0%B2%D0%B5%D1%82/"""
"2025,""Показатели социально-экономического развития"",""yarinvestportal.ru›content/files/Proekt…2025.pdf"",""http://www.yarinvestportal.ru/content/files/Proekt_Koncepcii_SER_YAO_2025.pdf"""
"2025,""ПРАВИТЕЛЬСТВО РОССИЙСКОЙ"",""government.ru›media/files/….pdf"",""http://government.ru/media/files/JCaHgEI5IzUMCxPZDPmoLmLBU3FsTKB6.pdf"""
"2025,""Информация о реализации"",""minkavkaz.gov.ru›Информация о реализации"",""http://www.minkavkaz.gov.ru/upload/iblock/a34/ser-i-kv-2016-goda.pdf"""
"2025,""Путину предстоит выбрать программу"",""gazeta.ru›Бизнес›2016/12/23/10445951.shtml"",""https://www.gazeta.ru/business/2016/12/23/10445951.shtml"""
"2025,""Концепция долгосрочного социально-экономического"",""knowledge.allbest.ru›economy/c-….html"",""http://knowledge.allbest.ru/economy/c-3c0b65635a2bd69a5d53a89421316d36.html"""
"2025,""На период до 2025 года"",""csr-nw.ru›files/csr/file_category_1346.pdf"",""http://csr-nw.ru/files/csr/file_category_1346.pdf"""
"2025,""Будущее России к 2025 году"",""rusrand.ru›Экспертная аналитика›Будущее России к 2025 году"",""http://rusrand.ru/analytics/buduschee-rossii-k-2025-godu"""
"2025,""Бобров ДВ 2025 Гибель России? Футурологическое"",""MirPrognozov.ru›prognosis…bobrov-dv-2025…rossii…"",""http://www.MirPrognozov.ru/prognosis/politics/bobrov-dv-2025-gibel-rossii-futurologicheskoe-issledovanie/"""
"2026,""Развитие человеческого потенциала красноярского края "",""CyberLeninka.ru›article/n/razvitie…potentsiala…"",""http://CyberLeninka.ru/article/n/razvitie-chelovecheskogo-potentsiala-krasnoyarskogo-kraya.pdf"""
"2026,""ИРЧП субъектов Российской Федерации — Википедия"",""ru.wikipedia.org›wiki/ИРЧП_субъектов_Российской…"",""https://ru.wikipedia.org/wiki/%D0%98%D0%A0%D0%A7%D0%9F_%D1%81%D1%83%D0%B1%D1%8A%D0%B5%D0%BA%D1%82%D0%BE%D0%B2_%D0%A0%D0%BE%D1%81%D1%81%D0%B8%D0%B9%D1%81%D0%BA%D0%BE%D0%B9_%D0%A4%D0%B5%D0%B4%D0%B5%D1%80%D0%B0%D1%86%D0%B8%D0%B8"""
"2026,""Список стран по индексу человеческого развития"",""ru.wikipedia.org›Список стран по индексу человеческого развития"",""https://ru.wikipedia.org/wiki/%D0%A1%D0%BF%D0%B8%D1%81%D0%BE%D0%BA_%D1%81%D1%82%D1%80%D0%B0%D0%BD_%D0%BF%D0%BE_%D0%B8%D0%BD%D0%B4%D0%B5%D0%BA%D1%81%D1%83_%D1%87%D0%B5%D0%BB%D0%BE%D0%B2%D0%B5%D1%87%D0%B5%D1%81%D0%BA%D0%BE%D0%B3%D0%BE_%D1%80%D0%B0%D0%B7%D0%B2%D0%B8%D1%82%D0%B8%D1%8F"""
"2026,""Программа развития ООН: Индекс человеческого"",""gtmarket.ru›Новости›Программа развития оон"",""http://gtmarket.ru/news/2015/12/16/7285"""
"2026,""Индекс развития человеческого потенциала (ИРЧП)"",""genby.livejournal.com›24 comments"",""http://genby.livejournal.com/510338.html"""
"2026,""Экономическое обоснование создания Центра развития"",""procolleg.ru›экономическое-обоснование-создания/"",""http://procolleg.ru/%D1%8D%D0%BA%D0%BE%D0%BD%D0%BE%D0%BC%D0%B8%D1%87%D0%B5%D1%81%D0%BA%D0%BE%D0%B5-%D0%BE%D0%B1%D0%BE%D1%81%D0%BD%D0%BE%D0%B2%D0%B0%D0%BD%D0%B8%D0%B5-%D1%81%D0%BE%D0%B7%D0%B4%D0%B0%D0%BD%D0%B8%D1%8F/"""
"2026,""Расчет и анализ ИРЧП для Российской Федерации"",""KazEdu.kz›referat/119633/5"",""https://www.KazEdu.kz/referat/119633/5"""
"2026,""Индекс развития человеческого потенциала в РФ"",""newsland.com›…indeks…chelovecheskogo-potentsiala…"",""https://newsland.com/user/4297675234/content/indeks-razvitiia-chelovecheskogo-potentsiala-v-rf/4064651"""
"2026,""Развитие человеческого потенциала в России"",""protown.ru›information/hide/7452.html"",""http://www.protown.ru/information/hide/7452.html"""
"2026,""Индекс развития человеческого потенциала"",""dic.academic.ru›dic.nsf/ruwiki/144266"",""http://dic.academic.ru/dic.nsf/ruwiki/144266"""
"2026,""Мы-2026 Амбициозная цель – ВВП в 20 тысяч долларов"",""livejournal.com›media/658989.html"",""http://www.livejournal.com/media/658989.html"""
"2026,""Россия в 2026 году — ВВП в 20 тысяч долларов на душу"",""ok.ru›livejournalru/topic/65873505378394"",""https://ok.ru/livejournalru/topic/65873505378394"""
"2026,""Список стран по ВВП (ППС) на душу населения"",""ru.wikipedia.org›Список стран по ВВП (ППС) на душу населения"",""https://ru.wikipedia.org/wiki/%D0%A1%D0%BF%D0%B8%D1%81%D0%BE%D0%BA_%D1%81%D1%82%D1%80%D0%B0%D0%BD_%D0%BF%D0%BE_%D0%92%D0%92%D0%9F_(%D0%9F%D0%9F%D0%A1)_%D0%BD%D0%B0_%D0%B4%D1%83%D1%88%D1%83_%D0%BD%D0%B0%D1%81%D0%B5%D0%BB%D0%B5%D0%BD%D0%B8%D1%8F"""
"2026,""РОССИЯ-2050 - Мир прогнозов"",""MirPrognozov.ru›prognosis/economics/rossiya-2050/"",""http://www.MirPrognozov.ru/prognosis/economics/rossiya-2050/"""
"2026,""Рейтинг стран по ВВП на душу населения (ППС)"",""nonews.co›directory/lists/countries/gdp-ppp"",""http://nonews.co/directory/lists/countries/gdp-ppp"""
"2026,""ВВП России на душу населения в текущих ценах"",""total-rating.ru›…vvp…na-dushu-naseleniya-v…cenah…"",""http://total-rating.ru/202-vvp-rossii-na-dushu-naseleniya-v-tekuschih-cenah-v-nacionalnoy-valyute.html"""
"2026,""ВВП стран мира на душу населения: рейтинг и таблица"",""visasam.ru›Эмиграция›Выбор страны›ВВП"",""http://visasam.ru/emigration/vybor/vvp-stran-mira.html"""
"2026,""Габон обошел Россию по ВВП на душу населения"",""ilstri.whotrades.com›blog/43088571497"",""https://ilstri.whotrades.com/blog/43088571497"""
"2026,""Россия пропустила Казахстан вперед по ВВП на душу"",""m.lenta.ru›articles/2015/08/11/gdp"",""https://m.lenta.ru/articles/2015/08/11/gdp"""
"2026,""ВВП по ППС на душу населения - Россия"",""data.trendeconomy.ru›Россия"",""http://data.trendeconomy.ru/imf/weo/Gross_domestic_product_based_on_purchasing_power_parity_PPPPC/Russia"""
"2026,""О Стратегии социально-экономического развития"",""docs.pravo.ru›Кодексы›view/21588982/30408580"",""http://docs.pravo.ru/document/view/21588982/30408580"""
"2026,""СОЦИАЛЬНО-ЭКОНОМИЧЕСКОГО РАЗВИТИЯ"",""perm.ru›?id=1000009&docid=1000183"",""http://www.perm.ru/?id=1000009&docid=1000183"""
"2026,""Экономисты: В стратегии Пермского края до 2026 года"",""rg.ru›2011/12/22/reg-pfo/perm-strategiya.html"",""https://rg.ru/2011/12/22/reg-pfo/perm-strategiya.html"""
"2026,""Прогноз долгосрочного социально-экономического"",""garant.ru›ИПО›Документы ленты прайм›70209010"",""http://www.garant.ru/products/ipo/prime/doc/70209010/"""
"2026,""СТРАТЕГИЯ"",""rk.gov.ru›file/strategiya_sotsialjno…razvitiya…do…"",""http://rk.gov.ru/file/strategiya_sotsialjno_ekonomicheskogo_razvitiya_respubliki_krim_do_2030.pdf"""
"2026,""О Стратегии социально-экономического развития"",""permkrai.info›2011/12/01/p17345.htm"",""http://permkrai.info/2011/12/01/p17345.htm"""
"2026,""О прогнозе долгосрочного социально-экономического"",""docs.cntd.ru›document/499034125"",""http://docs.cntd.ru/document/499034125"""
"2026,""Основные показатели прогноза"",""Consultant.ru›document/cons_doc_LAW_144190/…/"",""http://www.Consultant.ru/document/cons_doc_LAW_144190/ca236ec04b4bb18a1c9e54c86356e28f3717bf47/"""
"2026,""ПРОГРАММА"",""pravo.tatarstan.ru›rus/file/npa/2016-04/40441/npa…"",""http://pravo.tatarstan.ru/rus/file/npa/2016-04/40441/npa_40442.pdf"""
"2026,""Стратегия социально-экономического развития"",""pandia.ru›text/77/28/94665.php"",""http://pandia.ru/text/77/28/94665.php"""
"2027,""ИРЧП субъектов Российской Федерации — Википедия"",""ru.wikipedia.org›wiki/ИРЧП_субъектов_Российской…"",""https://ru.wikipedia.org/wiki/%D0%98%D0%A0%D0%A7%D0%9F_%D1%81%D1%83%D0%B1%D1%8A%D0%B5%D0%BA%D1%82%D0%BE%D0%B2_%D0%A0%D0%BE%D1%81%D1%81%D0%B8%D0%B9%D1%81%D0%BA%D0%BE%D0%B9_%D0%A4%D0%B5%D0%B4%D0%B5%D1%80%D0%B0%D1%86%D0%B8%D0%B8"""
"2027,""Цикл Спящего Феникса 2027— что ждет нашу планету?"",""econet.ru›Новости›…-2027-chto-zhdet-nashu…"",""http://econet.ru/articles/66103-tsikl-spyaschego-feniksa-2027-chto-zhdet-nashu-planetu"""
"2027,""Индекс человеческого развития в России: анализ"",""CyberLeninka.ru›article…chelovecheskogo…v-rossii…"",""http://CyberLeninka.ru/article/n/indeks-chelovecheskogo-razvitiya-v-rossii-analiz-i-perspektivy"""
"2027,""Индекс развития человеческого потенциала (ИРЧП)"",""genby.livejournal.com›24 comments"",""http://genby.livejournal.com/510338.html"""
"2027,""Программа развития ООН: Индекс человеческого"",""gtmarket.ru›Новости›Программа развития оон"",""http://gtmarket.ru/news/2015/12/16/7285"""
"2027,""Расчет и анализ ИРЧП для Российской Федерации"",""KazEdu.kz›referat/119633/5"",""https://www.KazEdu.kz/referat/119633/5"""
"2027,""ИРЧП - это Что такое ИРЧП?"",""dic.academic.ru›dic.nsf/ruwiki/931993"",""http://dic.academic.ru/dic.nsf/ruwiki/931993"""
"2027,""На период 2012 – 2027 годы"",""vladimir-city.ru›upload/static/economics/…"",""http://www.vladimir-city.ru/upload/static/economics/Strategia.pdf"""
"2027,""Индекс развития человеческого потенциала в РФ"",""newsland.com›…indeks…chelovecheskogo-potentsiala…"",""https://newsland.com/user/4297675234/content/indeks-razvitiia-chelovecheskogo-potentsiala-v-rf/4064651"""
"2027,""Развитие человеческого потенциала в России"",""economyofregion.uralces.ru›Data/Issues/ER2013/Sep…"",""http://economyofregion.uralces.ru/Data/Issues/ER2013/September_2013/ERSeptember2013_101_112.pdf"""
"2027,""К 2027 году Китай получит статус страны с высоким"",""ekd.me›2017/02…2027-godu…vysokim-urovnem-doxodov/"",""http://ekd.me/2017/02/k-2027-godu-kitaj-poluchit-status-strany-s-vysokim-urovnem-doxodov/"""
"2027,""Список стран по ВВП (номинал) на душу населения"",""ru.wikipedia.org›Список стран по ВВП (номинал) на душу населения"",""https://ru.wikipedia.org/wiki/%D0%A1%D0%BF%D0%B8%D1%81%D0%BE%D0%BA_%D1%81%D1%82%D1%80%D0%B0%D0%BD_%D0%BF%D0%BE_%D0%92%D0%92%D0%9F_(%D0%BD%D0%BE%D0%BC%D0%B8%D0%BD%D0%B0%D0%BB)_%D0%BD%D0%B0_%D0%B4%D1%83%D1%88%D1%83_%D0%BD%D0%B0%D1%81%D0%B5%D0%BB%D0%B5%D0%BD%D0%B8%D1%8F"""
"2027,""BBC Russian - Экономика - Россию назвали самой богатой"",""bbc.com›russian/business/2011/06…renaissance…"",""http://www.bbc.com/russian/business/2011/06/110623_renaissance_democracy_cost.shtml"""
"2027,""ВВП на душу населения Рейтинг стран по ВВП Доход"",""kakdobratsyado.ru›rejting…vvp-na-dushu-naseleniya…"",""http://kakdobratsyado.ru/rejting-stran-vvp-na-dushu-naseleniya-pps/"""
"2027,""ВВП России на душу населения в текущих ценах"",""total-rating.ru›…vvp…na-dushu-naseleniya-v…cenah…"",""http://total-rating.ru/202-vvp-rossii-na-dushu-naseleniya-v-tekuschih-cenah-v-nacionalnoy-valyute.html"""
"2027,""Габон обошел Россию по ВВП на душу населения"",""by24.org›2016/03/21/gabon_defeated_russia_in_the…"",""http://by24.org/2016/03/21/gabon_defeated_russia_in_the_economy/"""
"2027,""ВВП НА ДУШУ НАСЕЛЕНИЯ ПО ППС России и других"",""matveychev-oleg.livejournal.com›4537690.html"",""http://matveychev-oleg.livejournal.com/4537690.html"""
"2027,""ВВП по ППС на душу населения - Россия"",""data.trendeconomy.ru›Россия"",""http://data.trendeconomy.ru/imf/weo/Gross_domestic_product_based_on_purchasing_power_parity_PPPPC/Russia"""
"2027,""ВВП России и Габона"",""zugunder.com›index.php?topic=176656.0"",""http://zugunder.com/index.php?topic=176656.0"""
"2027,""Список стран по ВВП (номинал) на душу населения — WiKi"",""ru-wiki.org›wiki…ВВП_(номинал)_на_душу_населения"",""http://ru-wiki.org/wiki/%D0%A1%D0%BF%D0%B8%D1%81%D0%BE%D0%BA_%D1%81%D1%82%D1%80%D0%B0%D0%BD_%D0%BF%D0%BE_%D0%92%D0%92%D0%9F_(%D0%BD%D0%BE%D0%BC%D0%B8%D0%BD%D0%B0%D0%BB)_%D0%BD%D0%B0_%D0%B4%D1%83%D1%88%D1%83_%D0%BD%D0%B0%D1%81%D0%B5%D0%BB%D0%B5%D0%BD%D0%B8%D1%8F"""
"2027,""uinskru/uploads/zemskoe-sobranie/2015/reshenie-111"",""uinsk.ru›uploads…2015…utverzhdenii…2027-gody.doc"",""http://uinsk.ru/uploads/zemskoe-sobranie/2015/reshenie-111-ob-utverzhdenii-strategija-ser-umr-na-2016-2027-gody.doc"""
"2027,""Этап 2 Стратегия развития Владимирской области"",""StudFiles.ru›preview/3794679/"",""http://www.StudFiles.ru/preview/3794679/"""
"2027,""О прогнозе социально-экономического"",""docs.cntd.ru›document/430656193"",""http://docs.cntd.ru/document/430656193"""
"2027,""Об утверждении стратегии социально - экономического"",""kt.avo.ru›documents/3323467/3911720/Указ.pdf/…"",""http://kt.avo.ru/documents/3323467/3911720/%D0%A3%D0%BA%D0%B0%D0%B7.pdf/cc6eff44-115c-4eaf-b2b5-475aef6e86b9"""
"2027,""Республика Бурятия"",""city-strategy.ru›upload/document/strategiya.pdf"",""http://www.city-strategy.ru/upload/document/strategiya.pdf"""
"2027,""Просмотр электронного бюллетеня Коллегии"",""ako.ru›ZAKON/viewzakon.asp?C72149=On"",""http://www.ako.ru/ZAKON/viewzakon.asp?C72149=On"""
"2027,""Об утверждении стратегии социально - экономического"",""sp2014.lifttothefuture.ru›uploads/priority/files/…"",""http://sp2014.lifttothefuture.ru/uploads/priority/files/d0842692eb22eafa2fdac9832674d24c6d3f8bd1.pdf"""
"2027,""На период 2012 – 2027 годы"",""vladimir-city.ru›upload/static/economics/…"",""http://www.vladimir-city.ru/upload/static/economics/Strategia.pdf"""
"2027,""Прогноз социально - экономического развития"",""economy.gov.ru›wps/wcm/connect/fb93efc7…годы.pdf…"",""http://economy.gov.ru/wps/wcm/connect/fb93efc7-d9ad-4f63-8d51-f0958ae58d3e/1-%D0%9F%D1%80%D0%BE%D0%B3%D0%BD%D0%BE%D0%B7%20%D0%BD%D0%B0%202016-2018%20%D0%B3%D0%BE%D0%B4%D1%8B.pdf?MOD=AJPERES"""
"2027,""Россия и мир, год 2027"",""fastcenter.ru›smenshikov/2027.htm"",""http://www.fastcenter.ru/smenshikov/2027.htm"""
"2028,""Прогноз Centre for Economics and Business Research"",""gtmarket.ru›Новости›2013/12/31/6561"",""http://gtmarket.ru/news/2013/12/31/6561"""
"2028,""Шаг вперед, два - назад Беларусь в индексе"",""news.tut.by›Общество›477058.html"",""https://news.tut.by/society/477058.html"""
"2028,""О стратегии социально-экономического"",""docs.cntd.ru›document/819066192"",""http://docs.cntd.ru/document/819066192"""
"2028,""Диссертация на тему «Развитие человеческого»"",""dissercat.com›…chelovecheskogo-potentsiala-v…"",""http://www.dissercat.com/content/razvitie-chelovecheskogo-potentsiala-v-usloviyakh-tranzitivnoi-ekonomiki"""
"2028,""ИРЧП субъектов Российской Федерации — Википедия"",""ru.wikipedia.org›wiki/ИРЧП_субъектов_Российской…"",""https://ru.wikipedia.org/wiki/%D0%98%D0%A0%D0%A7%D0%9F_%D1%81%D1%83%D0%B1%D1%8A%D0%B5%D0%BA%D1%82%D0%BE%D0%B2_%D0%A0%D0%BE%D1%81%D1%81%D0%B8%D0%B9%D1%81%D0%BA%D0%BE%D0%B9_%D0%A4%D0%B5%D0%B4%D0%B5%D1%80%D0%B0%D1%86%D0%B8%D0%B8"""
"2028,""Конференция """"Стратегические вызовы и угрозы Пермского"",""dedin.livejournal.com›51640.html"",""http://dedin.livejournal.com/51640.html"""
"2028,""Таблица 3 Составляющие индекса развития"",""Consultant.ru›regbase/cgi/online.cgi…"",""http://www.Consultant.ru/regbase/cgi/online.cgi?req=doc&base=RLAW916&n=8653&dst=100713"""
"2028,""Индекс человеческого развития в России: анализ"",""CyberLeninka.ru›article…chelovecheskogo…v-rossii…"",""http://CyberLeninka.ru/article/n/indeks-chelovecheskogo-razvitiya-v-rossii-analiz-i-perspektivy"""
"2028,""Индекс развития человеческого потенциала (ИРЧП)"",""genby.livejournal.com›24 comments"",""http://genby.livejournal.com/510338.html"""
"2028,""Расчет и анализ ИРЧП для Российской Федерации"",""KazEdu.kz›referat/119633/5"",""https://www.KazEdu.kz/referat/119633/5"""
"2028,""Мировая экономика"",""rfej.ru›Журнал›…2003E6E8B/$file/3-22.pdf"",""http://www.rfej.ru/rvv/id/2003E6E8B/$file/3-22.pdf"""
"2028,""Прогноз экономического развития стран мира на период"",""провэд.рф›analytics…9264…pazvitiya…na…s…2028-gody…"",""http://xn--b1ae2adf4f.xn--p1ai/analytics/research/9264-ppognoz-ekonomicheskogo-pazvitiya-stpan-mipa-na-pepiod-s-2015-po-2028-gody-mezhdunapodnye-spavneniya.html"""
"2028,""Экономический прогноз «Мир в 2050 году» - Мир прогнозов"",""MirPrognozov.ru›prognosis/economics…mir-v…godu/"",""http://www.MirPrognozov.ru/prognosis/economics/ekonomicheskiy-prognoz-mir-v-2050-godu/"""
"2028,""Экономический прогноз «Мир в 2050 году»: luckyea77"",""luckyea77.livejournal.com›1585230.html"",""http://luckyea77.livejournal.com/1585230.html"""
"2028,""Список стран по ВВП (номинал) на душу населения"",""ru.wikipedia.org›Список стран по ВВП (номинал) на душу населения"",""https://ru.wikipedia.org/wiki/%D0%A1%D0%BF%D0%B8%D1%81%D0%BE%D0%BA_%D1%81%D1%82%D1%80%D0%B0%D0%BD_%D0%BF%D0%BE_%D0%92%D0%92%D0%9F_(%D0%BD%D0%BE%D0%BC%D0%B8%D0%BD%D0%B0%D0%BB)_%D0%BD%D0%B0_%D0%B4%D1%83%D1%88%D1%83_%D0%BD%D0%B0%D1%81%D0%B5%D0%BB%D0%B5%D0%BD%D0%B8%D1%8F"""
"2028,""Экономический прогноз «Мир в 2050 году»"",""pwc.ru›ru/press-releases/2015/economic_forecast_…"",""http://www.pwc.ru/ru/press-releases/2015/economic_forecast_2050.html"""
"2028,""Экономика Индонезии превзойдет экономики России"",""ereport.ru›news/1505192109.htm"",""http://www.ereport.ru/news/1505192109.htm"""
"2028,""Сверхдержавы в сравнении: США и Россия"",""dal-prom.ru›news/203/05-06-14-13/"",""http://dal-prom.ru/news/203/05-06-14-13/"""
"2028,""ВВП на душу населения Рейтинг стран по ВВП Доход"",""kakdobratsyado.ru›rejting…vvp-na-dushu-naseleniya…"",""http://kakdobratsyado.ru/rejting-stran-vvp-na-dushu-naseleniya-pps/"""
"2028,""ВВП России на душу населения в текущих ценах"",""total-rating.ru›…vvp…na-dushu-naseleniya-v…cenah…"",""http://total-rating.ru/202-vvp-rossii-na-dushu-naseleniya-v-tekuschih-cenah-v-nacionalnoy-valyute.html"""
"2028,""О прогнозе социально-экономического развития"",""docs.cntd.ru›document/465528176"",""http://docs.cntd.ru/document/465528176"""
"2028,""ВВЕДЕНИЕ"",""dfto.ru›index.php/component/attachments/download/…"",""http://dfto.ru/index.php/component/attachments/download/44"""
"2028,""социально-экономического развития России"",""refdb.ru›look/2788032-pall.html"",""https://refdb.ru/look/2788032-pall.html"""
"2028,""Стратегия социально-экономического развития"",""pandia.ru›text/78/237/5180-5.php"",""http://pandia.ru/text/78/237/5180-5.php"""
"2028,""Министерство экономического развития"",""economy.49gov.ru›Деятельность›Стратегическое планирование›Прогноз"",""https://economy.49gov.ru/activities/progress/forecast/"""
"2028,""СТРАТЕГИЯ"",""oreibsc.ru›info/strrt2030.pdf"",""http://oreibsc.ru/info/strrt2030.pdf"""
"2028,""Социально-экономическое развитие"",""мо-кизилюрт.рф›sotsialno-ekonomicheskoe-razvitie…"",""http://xn----ntbcbhjbqyu4k.xn--p1ai/sotsialno-ekonomicheskoe-razvitie-mo"""
"2028,""Республики алтай на период до 2028 года"",""mineco04.ru›upload/docs…planirovanie…25.09.2008 N…"",""http://www.mineco04.ru/upload/docs/Strateg%20planirovanie/%D0%97%D0%B0%D0%BA%D0%BE%D0%BD%20%D0%A0%D0%B5%D1%81%D0%BF%D1%83%D0%B1%D0%BB%D0%B8%D0%BA%D0%B8%20%D0%90%D0%BB%D1%82%D0%B0%D0%B9%20%D0%BE%D1%82%2025.09.2008%20N%2083-%D0%A0%D0%97.pdf"""
"2028,""I Сценарии развития Республики Алтай"",""altayinvest.ru›Files/GetFile…"",""http://altayinvest.ru/Files/GetFile?fileid=9e81fa12-2536-4d0b-a70d-49b99395993c"""
"2028,""ЗАО """"СТРАТЕГИЯ-ЦЕНТР"""""",""strategy-center.ru›page.php?lang…vid…vparid…vrub…"",""http://www.strategy-center.ru/page.php?lang=rus&vid=3461&vparid=1286&vrub=inf"""
